{"cameraMode":{"drawMode":0,"name":"Shaded","section":"Shading Mode"},"sceneLighting":false,"audioPlay":false,"sceneViewState":{"m_AlwaysRefresh":false,"showFog":true,"showSkybox":true,"showFlares":true,"showImageEffects":true,"showParticleSystems":true,"showVisualEffectGraphs":true,"m_FxEnabled":true},"in2DMode":false,"pivot":{"x":253.58319091796876,"y":3.9114389419555666,"z":83.91254425048828},"rotation":{"x":0.058340273797512057,"y":-0.9387415051460266,"z":0.19891776144504548,"w":0.27532511949539187},"size":0.7759421467781067,"orthographic":false}