{"cameraMode":{"drawMode":0,"name":"Shaded","section":"Shading Mode"},"sceneLighting":false,"audioPlay":false,"sceneViewState":{"m_AlwaysRefresh":false,"showFog":true,"showSkybox":true,"showFlares":true,"showImageEffects":true,"showParticleSystems":true,"showVisualEffectGraphs":true,"m_FxEnabled":true},"in2DMode":false,"pivot":{"x":250.87210083007813,"y":6.1538896560668949,"z":90.44760131835938},"rotation":{"x":0.0025925524532794954,"y":-0.9429604411125183,"z":0.332827627658844,"w":0.007346940226852894},"size":7.393754482269287,"orthographic":false}