{"cameraMode":{"drawMode":0,"name":"Shaded","section":"Shading Mode"},"sceneLighting":true,"audioPlay":false,"sceneViewState":{"m_AlwaysRefresh":false,"showFog":true,"showSkybox":true,"showFlares":true,"showImageEffects":true,"showParticleSystems":true,"showVisualEffectGraphs":true,"m_FxEnabled":true},"in2DMode":false,"pivot":{"x":195.03367614746095,"y":10.85223388671875,"z":221.39108276367188},"rotation":{"x":-0.1344793289899826,"y":0.07811245322227478,"z":-0.010633712634444237,"w":-0.987787127494812},"size":172.96054077148438,"orthographic":false}